日塗工番号,色名,HEX
N-95,ホワイト,#FFFFFF
N-75,ライトグレー,#BDBCBC
N-45,ダークグレー,#616669
02-80H,ペールレッド,#F5B0BB
P02-80H,ペールレッド,#F5B0BB
05-90A,ホワイト,#FEF9F6
P05-90A,ホワイト,#FEF9F6
05-92B,ホワイト,#FFFFFF
P05-92B,ホワイト,#FFFFFF
05-90D,ホワイト,#FDECE9
P05-90D,ホワイト,#FDECE9
05-70L,ライトレッド,#E88693
P05-70L,ライトレッド,#E88693
N-93,ホワイト,#FFFFFF
N-72,ライトグレー,#B7B5B5
N-40,グレイッシュライトブルー,#52575A
02-80L,ペールレッド,#F8A3B3
P02-80L,ペールレッド,#F8A3B3
05-85A,ホワイト,#EFE3E3
P05-85A,ホワイト,#EFE3E3
05-90B,ホワイト,#FEFCF7
P05-90B,ホワイト,#FEFCF7
05-80L,ペールレッド,#F8A7AD
P05-80L,ペールレッド,#F8A7AD
07-70L,ライトレッド,#E88277
P07-70L,ライトレッド,#E88277
N-90,ホワイト,#FFFEFC
N-70,ライトグレー,#B0B1B0
N-35,ダークグレー,#464A4A
02-70T,ライトレッド,#F4728F
P02-70T,ライトレッド,#F4728F
05-80A,オフホワイト,#DDD6D3
P05-80A,オフホワイト,#DDD6D3
05-85B,ホワイト,#F6E6E6
P05-85B,ホワイト,#F6E6E6
05-60L,レッド,#C5707B
P05-60L,レッド,#C5707B
07-60T,レッド,#EB5A5B
P07-60T,レッド,#EB5A5B
N-87,ホワイト,#FDFBF5
N-67,グレー,#AAA9AC
N-30,ダークグレー,#3B403E
02-60H,マゼンタ,#B27A89
P02-60H,マゼンタ,#B27A89
05-75A,ライトグレー,#D0C5C5
P05-75A,ライトグレー,#D0C5C5
05-80B,ペールレッド,#EAD5D7
P05-80B,ペールレッド,#EAD5D7
05-80D,ペールレッド,#E4C7C8
P05-80D,ペールレッド,#E4C7C8
07-50L,レッド,#A85A5C
P07-50L,レッド,#A85A5C
N-85,ホワイト,#F5F3EC
N-65,グレー,#A0A1A2
N-25,ダークグリーン,#323831
05-60F,ソフトレッド,#B0868D
P05-60F,ソフトレッド,#B0868D
05-70A,ライトグレー,#BEB4B4
P05-70A,ライトグレー,#BEB4B4
05-75B,ライトレッドオレンジ,#D9C7C3
P05-75B,ライトレッドオレンジ,#D9C7C3
05-70D,ソフトレッド,#C4A6AA
P05-70D,ソフトレッド,#C4A6AA
07-40P,レッド,#903B32
P07-40P,レッド,#903B32
N-82,オフホワイト,#E9E7E0
N-60,グレー,#929396
N-20,ダークグリーン,#292D29
05-60D,ソフトレッド,#A28C8E
P05-60D,ソフトレッド,#A28C8E
05-60B,グレー,#9C9195
P05-60B,グレー,#9C9195
05-70B,ソフトレッド,#C2AFB3
P05-70B,ソフトレッド,#C2AFB3
05-50F,ソフトレッド,#8E6D71
P05-50F,ソフトレッド,#8E6D71
07-30L,レッドオレンジ,#662E22
P07-30L,レッドオレンジ,#662E22
N-80,ライトグレー,#DBD9D5
N-55,グレー,#838689
N-15,ダークグリーン,#222A23
05-50D,ソフトレッド,#887276
P05-50D,ソフトレッド,#887276
05-50B,グレー,#7C7479
P05-50B,グレー,#7C7479
05-30B,ダークオレンジ,#3E3833
P05-30B,ダークオレンジ,#3E3833
05-40F,グレイッシュレッド,#725252
P05-40F,グレイッシュレッド,#725252
07-30F,ダークレッド,#2F1A18
P07-30F,ダークレッド,#2F1A18
N-77,ライトグレー,#CDCEC7
N-50,グレー,#72777B
N-10,ダークグリーン,#171D17
05-40D,グレイッシュレッド,#665253
P05-40D,グレイッシュレッド,#665253
05-40B,グレイッシュレッドオレンジ,#5E5856
P05-40B,グレイッシュレッドオレンジ,#5E5856
05-20B,ダークイエローオレンジ,#2A271E
P05-20B,ダークイエローオレンジ,#2A271E
05-30D,ダークレッドオレンジ,#4A3832
P05-30D,ダークレッドオレンジ,#4A3832
07-20H,ダークレッドオレンジ,#3F251A
P07-20H,ダークレッドオレンジ,#3F251A
07-80H,ペールレッド,#F5B4B2
P07-80H,ペールレッド,#F5B4B2
09-90D,ペールレッドオレンジ,#FCE0D2
P09-90D,ペールレッドオレンジ,#FCE0D2
09-80F,ペールレッドオレンジ,#EABBAC
P09-80F,ペールレッドオレンジ,#EABBAC
12-90D,ホワイト,#FDFBF3
P12-90D,ホワイト,#FDFBF3
15-90A,ペールオレンジ,#FBF0E2
P15-90A,ペールオレンジ,#FBF0E2
15-92B,ペールオレンジ,#FCF4DF
P15-92B,ペールオレンジ,#FCF4DF
15-90D,ペールレッドオレンジ,#FCD8C1
P15-90D,ペールレッドオレンジ,#FCD8C1
15-80F,ライトオレンジ,#DEBA9D
P15-80F,ライトオレンジ,#DEBA9D
07-70F,ライトレッド,#C79B99
P07-70F,ライトレッド,#C79B99
09-80D,ペールレッド,#E2C8C4
P09-80D,ペールレッド,#E2C8C4
09-70H,ライトレッド,#CE988E
P09-70H,ライトレッド,#CE988E
12-80F,ペールレッドオレンジ,#E3BAA6
P12-80F,ペールレッドオレンジ,#E3BAA6
15-85A,ペールオレンジ,#E7DFD1
P15-85A,ペールオレンジ,#E7DFD1
15-90B,ペールオレンジ,#FBF0DB
P15-90B,ペールオレンジ,#FBF0DB
15-80D,ライトオレンジ,#DEC7B0
P15-80D,ライトオレンジ,#DEC7B0
15-70H,オレンジ,#C39B7E
P15-70H,オレンジ,#C39B7E
07-60H,レッド,#B17A7E
P07-60H,レッド,#B17A7E
09-70D,ソフトレッド,#C09E9B
P09-70D,ソフトレッド,#C09E9B
09-70T,レッドオレンジ,#F4795C
P09-70T,レッドオレンジ,#F4795C
12-80H,ライトレッドオレンジ,#EFB499
P12-80H,ライトレッドオレンジ,#EFB499
15-80A,ライトオレンジ,#D9D0C4
P15-80A,ライトオレンジ,#D9D0C4
15-85B,ペールオレンジ,#EEE2CF
P15-85B,ペールオレンジ,#EEE2CF
15-70D,ソフトレッドオレンジ,#BEA89A
P15-70D,ソフトレッドオレンジ,#BEA89A
15-60F,レッドオレンジ,#A78572
P15-60F,レッドオレンジ,#A78572
09-60H,レッド,#B37E75
P09-60H,レッド,#B37E75
09-60D,ソフトレッド,#A58988
P09-60D,ソフトレッド,#A58988
09-60L,レッド,#C4766B
P09-60L,レッド,#C4766B
12-70L,ライトレッドオレンジ,#D88C6F
P12-70L,ライトレッドオレンジ,#D88C6F
15-75A,ライトオレンジ,#C9C1B6
P15-75A,ライトオレンジ,#C9C1B6
15-80B,ライトオレンジ,#DECEC2
P15-80B,ライトオレンジ,#DECEC2
15-60D,ソフトレッドオレンジ,#A08E85
P15-60D,ソフトレッドオレンジ,#A08E85
15-50F,グレイッシュオレンジ,#6A5038
P15-50F,グレイッシュオレンジ,#6A5038
09-50F,ソフトレッド,#906E6B
P09-50F,ソフトレッド,#906E6B
09-60B,ソフトレッド,#9A8E8D
P09-60B,ソフトレッド,#9A8E8D
09-50L,レッドオレンジ,#A55F4F
P09-50L,レッドオレンジ,#A55F4F
12-70T,レッドオレンジ,#F58550
P12-70T,レッドオレンジ,#F58550
15-70A,ソフトオレンジ,#BAB3AA
P15-70A,ソフトオレンジ,#BAB3AA
15-75B,ライトオレンジ,#CDBFAE
P15-75B,ライトオレンジ,#CDBFAE
15-50D,ソフトオレンジ,#857366
P15-50D,ソフトオレンジ,#857366
15-40P,レッド,#6F2E22
P15-40P,レッド,#6F2E22
09-40H,ダークレッドオレンジ,#502A21
P09-40H,ダークレッドオレンジ,#502A21
09-30F,ダークレッドオレンジ,#50362C
P09-30F,ダークレッドオレンジ,#50362C
09-50T,ビビッドレッドオレンジ,#BA4932
P09-50T,ビビッドレッドオレンジ,#BA4932
12-50L,レッドオレンジ,#996040
P12-50L,レッドオレンジ,#996040
15-65A,グレー,#A49E98
P15-65A,グレー,#A49E98
15-70B,ソフトレッドオレンジ,#B8ABA2
P15-70B,ソフトレッドオレンジ,#B8ABA2
15-40D,グレイッシュオレンジ,#635544
P15-40D,グレイッシュオレンジ,#635544
15-40H,グレイッシュオレンジ,#6B5134
P15-40H,グレイッシュオレンジ,#6B5134
09-30H,ダークレッド,#311714
P09-30H,ダークレッド,#311714
09-30D,ダークレッドオレンジ,#49372F
P09-30D,ダークレッドオレンジ,#49372F
09-40L,レッドオレンジ,#7E4032
P09-40L,レッドオレンジ,#7E4032
12-50H,レッドオレンジ,#926958
P12-50H,レッドオレンジ,#926958
15-50B,グレイッシュオレンジ,#7A7570
P15-50B,グレイッシュオレンジ,#7A7570
15-60B,ソフトレッドオレンジ,#A99D95
P15-60B,ソフトレッドオレンジ,#A99D95
15-30F,ダークオレンジ,#4E3C28
P15-30F,ダークオレンジ,#4E3C28
15-30B,ダークオレンジ,#3B362B
P15-30B,ダークオレンジ,#3B362B
09-20D,ダークオレンジ,#34281E
P09-20D,ダークオレンジ,#34281E
09-20B,ダークオレンジ,#2F2B21
P09-20B,ダークオレンジ,#2F2B21
09-30L,レッドオレンジ,#643120
P09-30L,レッドオレンジ,#643120
12-30H,ダークレッドオレンジ,#563620
P12-30H,ダークレッドオレンジ,#563620
15-40B,グレイッシュオレンジ,#5C544C
P15-40B,グレイッシュオレンジ,#5C544C
15-30D,ダークオレンジ,#453A27
P15-30D,ダークオレンジ,#453A27
15-20B,ダークイエロー,#26281B
P15-20B,ダークイエロー,#26281B
15-80L,ライトオレンジ,#F5B86F
P15-80L,ライトオレンジ,#F5B86F
17-90A,ホワイト,#FFFFFF
P17-90A,ホワイト,#FFFFFF
17-90B,ホワイト,#FFFEF9
P17-90B,ホワイト,#FFFEF9
17-90D,ペールオレンジ,#FAE6C2
P17-90D,ペールオレンジ,#FAE6C2
19-90A,ペールイエローオレンジ,#F7F3DE
P19-90A,ペールイエローオレンジ,#F7F3DE
19-92B,ペールイエローオレンジ,#FBF5DB
P19-92B,ペールイエローオレンジ,#FBF5DB
19-90C,ペールイエローオレンジ,#F9F5CA
P19-90C,ペールイエローオレンジ,#F9F5CA
19-90D,ペールイエローオレンジ,#F8F5BF
P19-90D,ペールイエローオレンジ,#F8F5BF
17-70P,ビビッドオレンジ,#EF8C38
P17-70P,ビビッドオレンジ,#EF8C38
17-80A,オフホワイト,#E1DAD7
P17-80A,オフホワイト,#E1DAD7
17-80B,ライトオレンジ,#DED4C8
P17-80B,ライトオレンジ,#DED4C8
17-80H,レッドオレンジ,#C29678
P17-80H,レッドオレンジ,#C29678
19-85A,ペールオレンジ,#E3DBC7
P19-85A,ペールオレンジ,#E3DBC7
19-90B,ペールオレンジ,#F8EED5
P19-90B,ペールオレンジ,#F8EED5
19-85C,ペールオレンジ,#EFE2BC
P19-85C,ペールオレンジ,#EFE2BC
19-85D,ペールオレンジ,#F4E3B5
P19-85D,ペールオレンジ,#F4E3B5
17-70L,ライトオレンジ,#D1A162
P17-70L,ライトオレンジ,#D1A162
17-70B,ソフトオレンジ,#ACA49C
P17-70B,ソフトオレンジ,#ACA49C
17-80C,ペールレッドオレンジ,#E3CCBC
P17-80C,ペールレッドオレンジ,#E3CCBC
17-80F,ライトオレンジ,#DFC398
P17-80F,ライトオレンジ,#DFC398
19-80A,ライトオレンジ,#D7CEC3
P19-80A,ライトオレンジ,#D7CEC3
19-85B,ペールオレンジ,#EBE2C9
P19-85B,ペールオレンジ,#EBE2C9
19-80C,ライトオレンジ,#DCD1B1
P19-80C,ライトオレンジ,#DCD1B1
19-80D,ペールオレンジ,#E7D7AD
P19-80D,ペールオレンジ,#E7D7AD
17-60H,オレンジ,#AA8F65
P17-60H,オレンジ,#AA8F65
17-60B,グレイッシュオレンジ,#847D77
P17-60B,グレイッシュオレンジ,#847D77
17-70C,ソフトオレンジ,#B7A494
P17-70C,ソフトオレンジ,#B7A494
17-80D,ライトオレンジ,#D7C0A0
P17-80D,ライトオレンジ,#D7C0A0
19-75A,ライトオレンジ,#C9C2B5
P19-75A,ライトオレンジ,#C9C2B5
19-80B,ライトオレンジ,#DAD1BC
P19-80B,ライトオレンジ,#DAD1BC
19-75C,ライトオレンジ,#CFBDA6
P19-75C,ライトオレンジ,#CFBDA6
19-75D,ライトオレンジ,#D1BDA0
P19-75D,ライトオレンジ,#D1BDA0
17-50P,オレンジ,#966C27
P17-50P,オレンジ,#966C27
17-60C,ソフトオレンジ,#857C72
P17-60C,ソフトオレンジ,#857C72
17-70H,オレンジ,#C4A076
P17-70H,オレンジ,#C4A076
17-70D,ソフトオレンジ,#BBA991
P17-70D,ソフトオレンジ,#BBA991
19-70A,ソフトオレンジ,#B2AC9F
P19-70A,ソフトオレンジ,#B2AC9F
19-75B,ライトイエローオレンジ,#CBC4AE
P19-75B,ライトイエローオレンジ,#CBC4AE
19-70C,ソフトオレンジ,#BAAC93
P19-70C,ソフトオレンジ,#BAAC93
19-70D,ソフトオレンジ,#C1B293
P19-70D,ソフトオレンジ,#C1B293
17-50L,オレンジ,#8E6F30
P17-50L,オレンジ,#8E6F30
17-60D,ソフトオレンジ,#97877A
P17-60D,ソフトオレンジ,#97877A
17-70F,オレンジ,#C39C7B
P17-70F,オレンジ,#C39C7B
19-60H,オレンジ,#9F8F61
P19-60H,オレンジ,#9F8F61
19-65A,グレー,#A49F98
P19-65A,グレー,#A49F98
19-70B,ソフトオレンジ,#B8AF9F
P19-70B,ソフトオレンジ,#B8AF9F
19-65C,ソフトオレンジ,#98907C
P19-65C,ソフトオレンジ,#98907C
19-65D,ソフトオレンジ,#AA9D81
P19-65D,ソフトオレンジ,#AA9D81
17-40H,オレンジ,#69542B
P17-40H,オレンジ,#69542B
17-50D,グレイッシュオレンジ,#7A6F62
P17-50D,グレイッシュオレンジ,#7A6F62
17-60F,オレンジ,#947C59
P17-60F,オレンジ,#947C59
19-50H,グレイッシュイエローオレンジ,#837542
P19-50H,グレイッシュイエローオレンジ,#837542
19-60A,グレー,#817E7E
P19-60A,グレー,#817E7E
19-60B,ソフトオレンジ,#A69B8F
P19-60B,ソフトオレンジ,#A69B8F
19-50B,グレイッシュイエローオレンジ,#747468
P19-50B,グレイッシュイエローオレンジ,#747468
19-60D,ソフトオレンジ,#9B8E72
P19-60D,ソフトオレンジ,#9B8E72
17-30F,ダークオレンジ,#493B22
P17-30F,ダークオレンジ,#493B22
17-40D,グレイッシュオレンジ,#5F5540
P17-40D,グレイッシュオレンジ,#5F5540
17-50F,グレイッシュオレンジ,#7E6A51
P17-50F,グレイッシュオレンジ,#7E6A51
19-40H,イエローオレンジ,#665B28
P19-40H,イエローオレンジ,#665B28
19-50A,ダークグレー,#595455
P19-50A,ダークグレー,#595455
19-40B,ダークイエローオレンジ,#575645
P19-40B,ダークイエローオレンジ,#575645
19-50D,グレイッシュオレンジ,#7C7259
P19-50D,グレイッシュオレンジ,#7C7259
19-90F,ペールイエローオレンジ,#F4F5AF
P19-90F,ペールイエローオレンジ,#F4F5AF
19-75L,ライトオレンジ,#D7BB69
P19-75L,ライトオレンジ,#D7BB69
19-85L,ライトイエローオレンジ,#F1DD72
P19-85L,ライトイエローオレンジ,#F1DD72
21-60D,グレイッシュイエローオレンジ,#84806C
P21-60D,グレイッシュイエローオレンジ,#84806C
21-70H,イエローオレンジ,#A19665
P21-70H,イエローオレンジ,#A19665
22-50P,イエローオレンジ,#857E2A
P22-50P,イエローオレンジ,#857E2A
22-65A,グレー,#93938F
P22-65A,グレー,#93938F
22-60B,ソフトイエローオレンジ,#959484
P22-60B,ソフトイエローオレンジ,#959484
19-85F,ライトイエローオレンジ,#F5E29F
P19-85F,ライトイエローオレンジ,#F5E29F
19-70L,イエローオレンジ,#C9B156
P19-70L,イエローオレンジ,#C9B156
22-65B,ソフトイエローオレンジ,#939087
P22-65B,ソフトイエローオレンジ,#939087
21-70D,ソフトイエローオレンジ,#ACA78C
P21-70D,ソフトイエローオレンジ,#ACA78C
21-70F,イエローオレンジ,#A59C75
P21-70F,イエローオレンジ,#A59C75
22-50H,グレイッシュイエローオレンジ,#7F7D3C
P22-50H,グレイッシュイエローオレンジ,#7F7D3C
22-50B,グレイッシュイエローオレンジ,#7D7B71
P22-50B,グレイッシュイエローオレンジ,#7D7B71
22-40B,グレイッシュイエローオレンジ,#5E5F4D
P22-40B,グレイッシュイエローオレンジ,#5E5F4D
19-80F,ペールオレンジ,#E8CF99
P19-80F,ペールオレンジ,#E8CF99
19-60T,イエローオレンジ,#AF9120
P19-60T,イエローオレンジ,#AF9120
19-70H,オレンジ,#B8A16F
P19-70H,オレンジ,#B8A16F
21-75B,ソフトオレンジ,#BEB9AA
P21-75B,ソフトオレンジ,#BEB9AA
21-75D,ソフトイエローオレンジ,#BDB597
P21-75D,ソフトイエローオレンジ,#BDB597
22-50F,グレイッシュイエローオレンジ,#7C7A51
P22-50F,グレイッシュイエローオレンジ,#7C7A51
22-30B,ダークイエローオレンジ,#424033
P22-30B,ダークイエローオレンジ,#424033
22-30D,ダークイエローオレンジ,#45442B
P22-30D,ダークイエローオレンジ,#45442B
19-70F,オレンジ,#C2A980
P19-70F,オレンジ,#C2A980
19-40L,イエローオレンジ,#6C5F29
P19-40L,イエローオレンジ,#6C5F29
21-80B,ライトオレンジ,#D7D1C0
P21-80B,ライトオレンジ,#D7D1C0
21-80D,ライトイエローオレンジ,#D9D1AE
P21-80D,ライトイエローオレンジ,#D9D1AE
22-90A,ホワイト,#FFFFFF
P22-90A,ホワイト,#FFFFFF
22-90B,ペールイエローオレンジ,#F7F3CF
P22-90B,ペールイエローオレンジ,#F7F3CF
22-90C,ペールイエローオレンジ,#FAF8D6
P22-90C,ペールイエローオレンジ,#FAF8D6
19-60F,オレンジ,#A5916D
P19-60F,オレンジ,#A5916D
19-50F,グレイッシュイエローオレンジ,#7F7449
P19-50F,グレイッシュイエローオレンジ,#7F7449
19-80L,ライトイエローオレンジ,#E7CE6C
P19-80L,ライトイエローオレンジ,#E7CE6C
21-85B,ペールオレンジ,#F4E9D9
P21-85B,ペールオレンジ,#F4E9D9
22-80F,ライトイエローオレンジ,#DBCC96
P22-80F,ライトイエローオレンジ,#DBCC96
22-85A,ホワイト,#F6F3EE
P22-85A,ホワイト,#F6F3EE
22-85B,ペールイエローオレンジ,#EEEAD1
P22-85B,ペールイエローオレンジ,#EEEAD1
22-87C,ペールイエローオレンジ,#F1EBC1
P22-87C,ペールイエローオレンジ,#F1EBC1
19-40F,グレイッシュイエローオレンジ,#5F5732
P19-40F,グレイッシュイエローオレンジ,#5F5732
19-30B,ダークイエローオレンジ,#33311C
P19-30B,ダークイエローオレンジ,#33311C
21-85L,イエローオレンジ,#B4B269
P21-85L,イエローオレンジ,#B4B269
21-90B,ペールオレンジ,#FBF0DB
P21-90B,ペールオレンジ,#FBF0DB
22-80L,ライトイエローオレンジ,#E3E470
P22-80L,ライトイエローオレンジ,#E3E470
22-80A,オフホワイト,#DFE0D7
P22-80A,オフホワイト,#DFE0D7
22-80B,ライトイエローオレンジ,#DCD6BE
P22-80B,ライトイエローオレンジ,#DCD6BE
22-85C,ペールイエローオレンジ,#EAE3C1
P22-85C,ペールイエローオレンジ,#EAE3C1
19-40D,ダークイエローオレンジ,#595439
P19-40D,ダークイエローオレンジ,#595439
19-30A,ダークイエロー,#393C33
P19-30A,ダークイエロー,#393C33
21-40H,ダークイエローオレンジ,#3E3A20
P21-40H,ダークイエローオレンジ,#3E3A20
21-60F,イエローオレンジ,#8A8461
P21-60F,イエローオレンジ,#8A8461
22-70L,イエローオレンジ,#C5BF5A
P22-70L,イエローオレンジ,#C5BF5A
22-75A,ライトグレー,#C6C7C0
P22-75A,ライトグレー,#C6C7C0
22-75B,ライトオレンジ,#CEC5AB
P22-75B,ライトオレンジ,#CEC5AB
22-80C,ライトイエローオレンジ,#DBD8B9
P22-80C,ライトイエローオレンジ,#DBD8B9
19-30D,ダークイエローオレンジ,#423C25
P19-30D,ダークイエローオレンジ,#423C25
19-20B,ダークイエロー,#272B1D
P19-20B,ダークイエロー,#272B1D
21-50D,グレイッシュイエローオレンジ,#5F5C4E
P21-50D,グレイッシュイエローオレンジ,#5F5C4E
21-60H,グレイッシュイエローオレンジ,#776F4A
P21-60H,グレイッシュイエローオレンジ,#776F4A
22-70H,イエローオレンジ,#C3BE74
P22-70H,イエローオレンジ,#C3BE74
22-70A,グレー,#ACAAA5
P22-70A,グレー,#ACAAA5
22-70B,ソフトイエローオレンジ,#B8B39F
P22-70B,ソフトイエローオレンジ,#B8B39F
22-75C,ライトオレンジ,#D0C7AD
P22-75C,ライトオレンジ,#D0C7AD
22-70C,ソフトイエローオレンジ,#C0BB9F
P22-70C,ソフトイエローオレンジ,#C0BB9F
22-60D,ソフトオレンジ,#9E957C
P22-60D,ソフトオレンジ,#9E957C
22-75F,ライトイエローオレンジ,#D4C896
P22-75F,ライトイエローオレンジ,#D4C896
25-65A,グレー,#AAA7A0
P25-65A,グレー,#AAA7A0
25-70B,ソフトイエローオレンジ,#B0AD98
P25-70B,ソフトイエローオレンジ,#B0AD98
25-75C,ソフトイエローオレンジ,#C1C09B
P25-75C,ソフトイエローオレンジ,#C1C09B
25-40B,グレイッシュイエロー,#5D6154
P25-40B,グレイッシュイエロー,#5D6154
25-70L,イエローオレンジ,#BDC15B
P25-70L,イエローオレンジ,#BDC15B
22-65C,ソフトイエローオレンジ,#A4A186
P22-65C,ソフトイエローオレンジ,#A4A186
22-50D,グレイッシュイエローオレンジ,#7C7C63
P22-50D,グレイッシュイエローオレンジ,#7C7C63
25-40H,グレイッシュイエローオレンジ,#5D5A2B
P25-40H,グレイッシュイエローオレンジ,#5D5A2B
25-60A,グレー,#80807D
P25-60A,グレー,#80807D
25-65B,ソフトイエローオレンジ,#9E9C89
P25-65B,ソフトイエローオレンジ,#9E9C89
25-70C,ソフトイエローオレンジ,#B2B28F
P25-70C,ソフトイエローオレンジ,#B2B28F
25-30B,ダークイエローオレンジ,#2C2D19
P25-30B,ダークイエローオレンジ,#2C2D19
25-60P,イエローオレンジ,#969E2C
P25-60P,イエローオレンジ,#969E2C
22-60C,ソフトイエローオレンジ,#999587
P22-60C,ソフトイエローオレンジ,#999587
22-40D,グレイッシュイエローオレンジ,#5C5E45
P22-40D,グレイッシュイエローオレンジ,#5C5E45
25-40D,ダークイエロー,#525731
P25-40D,ダークイエロー,#525731
25-50A,ダークグレー,#585554
P25-50A,ダークグレー,#585554
25-60B,ソフトイエローオレンジ,#8F8D7C
P25-60B,ソフトイエローオレンジ,#8F8D7C
25-50D,グレイッシュイエロー,#737756
P25-50D,グレイッシュイエロー,#737756
25-20B,ダークイエロー,#232616
P25-20B,ダークイエロー,#232616
27-85H,ライトイエローオレンジ,#E9F18F
P27-85H,ライトイエローオレンジ,#E9F18F
22-90D,ペールイエローオレンジ,#FAFACC
P22-90D,ペールイエローオレンジ,#FAFACC
22-90H,ペールイエローオレンジ,#F1F5A4
P22-90H,ペールイエローオレンジ,#F1F5A4
25-90A,ホワイト,#FCFDEB
P25-90A,ホワイト,#FCFDEB
25-92B,ペールイエローオレンジ,#FAFBD4
P25-92B,ペールイエローオレンジ,#FAFBD4
25-90C,ペールイエローオレンジ,#EFEEBF
P25-90C,ペールイエローオレンジ,#EFEEBF
25-85C,ペールイエローオレンジ,#E4E3B8
P25-85C,ペールイエローオレンジ,#E4E3B8
25-90H,ライトイエローオレンジ,#F0F493
P25-90H,ライトイエローオレンジ,#F0F493
27-60L,イエロー,#929B38
P27-60L,イエロー,#929B38
22-85D,ペールイエローオレンジ,#EBE6BC
P22-85D,ペールイエローオレンジ,#EBE6BC
22-85H,ライトイエローオレンジ,#EEE897
P22-85H,ライトイエローオレンジ,#EEE897
25-85A,ペールイエローオレンジ,#EAE5D6
P25-85A,ペールイエローオレンジ,#EAE5D6
25-90B,ペールイエローオレンジ,#F7F3CF
P25-90B,ペールイエローオレンジ,#F7F3CF
25-90D,ペールイエローオレンジ,#F0F4B4
P25-90D,ペールイエローオレンジ,#F0F4B4
25-80C,ライトイエローオレンジ,#D3D2A9
P25-80C,ライトイエローオレンジ,#D3D2A9
25-80P,イエローオレンジ,#E5E357
P25-80P,イエローオレンジ,#E5E357
27-90B,ペールイエロー,#F0F4CC
P27-90B,ペールイエロー,#F0F4CC
22-70D,ライトイエローオレンジ,#DAD6AA
P22-70D,ライトイエローオレンジ,#DAD6AA
22-85F,ペールイエローオレンジ,#EDE5A8
P22-85F,ペールイエローオレンジ,#EDE5A8
25-80A,ライトグレー,#D9D6CE
P25-80A,ライトグレー,#D9D6CE
25-85B,ペールイエローオレンジ,#E4E6BF
P25-85B,ペールイエローオレンジ,#E4E6BF
25-85F,ペールイエロー,#DEE698
P25-85F,ペールイエロー,#DEE698
25-70D,ソフトイエローオレンジ,#B4B68A
P25-70D,ソフトイエローオレンジ,#B4B68A
25-85V,ビビッドイエローオレンジ,#D5BA2C
P25-85V,ビビッドイエローオレンジ,#D5BA2C
27-85B,ペールイエロー,#E3EAC5
P27-85B,ペールイエロー,#E3EAC5
22-75D,ライトイエローオレンジ,#CFC6A3
P22-75D,ライトイエローオレンジ,#CFC6A3
25-75A,ライトグレー,#CDC9C0
P25-75A,ライトグレー,#CDC9C0
25-80B,ライトイエローオレンジ,#D7D2B9
P25-80B,ライトイエローオレンジ,#D7D2B9
25-85D,ペールイエローオレンジ,#E2E5AA
P25-85D,ペールイエローオレンジ,#E2E5AA
25-60D,ソフトイエローオレンジ,#949376
P25-60D,ソフトイエローオレンジ,#949376
25-80H,ライトイエロー,#D2DD84
P25-80H,ライトイエロー,#D2DD84
27-80B,ライトイエロー,#D6D9BA
P27-80B,ライトイエロー,#D6D9BA
25-70A,ライトグレー,#BDB9AF
P25-70A,ライトグレー,#BDB9AF
25-75B,ライトイエローオレンジ,#C7C3A5
P25-75B,ライトイエローオレンジ,#C7C3A5
25-80D,ライトイエローオレンジ,#D3D39F
P25-80D,ライトイエローオレンジ,#D3D39F
25-50B,グレー,#7C7C74
P25-50B,グレー,#7C7C74
25-70T,ビビッドイエローオレンジ,#BBC428
P25-70T,ビビッドイエローオレンジ,#BBC428
27-70D,ソフトイエロー,#B0B587
P27-70D,ソフトイエロー,#B0B587
27-60D,ソフトイエロー,#909771
P27-60D,ソフトイエロー,#909771
29-85P,イエロー,#CDE557
P29-85P,イエロー,#CDE557
29-80B,ライトイエローオレンジ,#D2D4B3
P29-80B,ライトイエローオレンジ,#D2D4B3
35-80T,イエロー,#ABDB59
P35-80T,イエロー,#ABDB59
35-80A,ライトイエロー,#CACEBC
P35-80A,ライトイエロー,#CACEBC
35-85B,ライトイエロー,#D3D9BD
P35-85B,ライトイエロー,#D3D9BD
35-70D,ソフトイエローグリーン,#A5BD91
P35-70D,ソフトイエローグリーン,#A5BD91
39-80H,ライトグリーン,#9EDA99
P39-80H,ライトグリーン,#9EDA99
27-50D,グレイッシュイエロー,#6F7954
P27-50D,グレイッシュイエロー,#6F7954
29-80H,ライトイエロー,#C1E47C
P29-80H,ライトイエロー,#C1E47C
29-70B,ソフトイエロー,#ABB396
P29-70B,ソフトイエロー,#ABB396
35-80H,ライトイエローグリーン,#B2E084
P35-80H,ライトイエローグリーン,#B2E084
35-70A,ライトグレー,#AAB0A2
P35-70A,ライトグレー,#AAB0A2
35-80B,ライトイエローグリーン,#C1D1AF
P35-80B,ライトイエローグリーン,#C1D1AF
35-60D,ソフトイエローグリーン,#869B77
P35-60D,ソフトイエローグリーン,#869B77
39-70H,ライトグリーン,#8BC989
P39-70H,ライトグリーン,#8BC989
27-50H,イエロー,#6D7933
P27-50H,イエロー,#6D7933
29-70T,ビビッドイエロー,#90CF29
P29-70T,ビビッドイエロー,#90CF29
29-60D,ソフトイエロー,#ABB396
P29-60D,ソフトイエロー,#ABB396
35-70H,ライトイエローグリーン,#98C977
P35-70H,ライトイエローグリーン,#98C977
35-65A,ソフトイエロー,#9EA295
P35-65A,ソフトイエロー,#9EA295
35-70B,ソフトイエローグリーン,#A6B299
P35-70B,ソフトイエローグリーン,#A6B299
37-80D,ペールイエローグリーン,#BDE5AB
P37-80D,ペールイエローグリーン,#BDE5AB
39-60L,グリーン,#66B863
P39-60L,グリーン,#66B863
27-30B,ダークイエローオレンジ,#1C1C17
P27-30B,ダークイエローオレンジ,#1C1C17
29-60H,イエロー,#8A9652
P29-60H,イエロー,#8A9652
32-80D,ライトイエロー,#C6DE9F
P32-80D,ライトイエロー,#C6DE9F
35-50H,イエローグリーン,#638C4F
P35-50H,イエローグリーン,#638C4F
35-60B,ソフトイエローグリーン,#86967F
P35-60B,ソフトイエローグリーン,#86967F
35-50B,グレイッシュグリーン,#6C7B6B
P35-50B,グレイッシュグリーン,#6C7B6B
37-60D,ソフトイエローグリーン,#829F7A
P37-60D,ソフトイエローグリーン,#829F7A
39-50H,グリーン,#58895A
P39-50H,グリーン,#58895A
27-90F,ペールイエローオレンジ,#F3F6AA
P27-90F,ペールイエローオレンジ,#F3F6AA
29-40H,グレイッシュイエローグリーン,#4D652E
P29-40H,グレイッシュイエローグリーン,#4D652E
32-50L,イエローグリーン,#638B31
P32-50L,イエローグリーン,#638B31
35-50D,グレイッシュイエローグリーン,#677D5D
P35-50D,グレイッシュイエローグリーン,#677D5D
35-40B,グレイッシュイエローグリーン,#505C4B
P35-40B,グレイッシュイエローグリーン,#505C4B
35-30B,ダークイエローグリーン,#323A2A
P35-30B,ダークイエローグリーン,#323A2A
37-50H,イエローグリーン,#608B50
P37-50H,イエローグリーン,#608B50
39-40L,グレイッシュグリーン,#3B7638
P39-40L,グレイッシュグリーン,#3B7638
27-80V,イエローオレンジ,#888B29
P27-80V,イエローオレンジ,#888B29
29-92B,ペールイエロー,#EDF6CD
P29-92B,ペールイエロー,#EDF6CD
35-70G,イエローグリーン,#74A068
P35-70G,イエローグリーン,#74A068
35-40D,グレイッシュイエローグリーン,#485A38
P35-40D,グレイッシュイエローグリーン,#485A38
35-30D,ダークイエローグリーン,#39472E
P35-30D,ダークイエローグリーン,#39472E
35-20B,ダークイエローグリーン,#232D1B
P35-20B,ダークイエローグリーン,#232D1B
37-50L,イエローグリーン,#538F3B
P37-50L,イエローグリーン,#538F3B
39-40P,グレイッシュグリーン,#3B7D3A
P39-40P,グレイッシュグリーン,#3B7D3A
27-90P,イエローオレンジ,#E7EF64
P27-90P,イエローオレンジ,#E7EF64
29-90B,ペールイエロー,#EBF3CD
P29-90B,ペールイエロー,#EBF3CD
32-90D,ペールイエロー,#E5EBB9
P32-90D,ペールイエロー,#E5EBB9
35-90A,ペールイエロー,#E9F2D8
P35-90A,ペールイエロー,#E9F2D8
35-92B,ペールイエロー,#E1EFCD
P35-92B,ペールイエロー,#E1EFCD
35-90D,ペールイエロー,#E0F0B8
P35-90D,ペールイエロー,#E0F0B8
37-90D,ペールイエロー,#EEF7DE
P37-90D,ペールイエロー,#EEF7DE
39-80B,ライトイエローグリーン,#B8CEB3
P39-80B,ライトイエローグリーン,#B8CEB3
29-90H,ライトイエロー,#DFEE94
P29-90H,ライトイエロー,#DFEE94
29-85B,ペールイエロー,#DCE2BC
P29-85B,ペールイエロー,#DCE2BC
32-80P,イエロー,#BBE05B
P32-80P,イエロー,#BBE05B
35-85A,ライトイエロー,#D7DAC7
P35-85A,ライトイエロー,#D7DAC7
35-90B,ペールイエローグリーン,#DDEECA
P35-90B,ペールイエローグリーン,#DDEECA
35-80D,ライトイエローグリーン,#BFD7A3
P35-80D,ライトイエローグリーン,#BFD7A3
37-80L,ライトイエローグリーン,#A5DB7D
P37-80L,ライトイエローグリーン,#A5DB7D
39-80D,ソフトグリーン,#788E76
P39-80D,ソフトグリーン,#788E76
45-90A,ホワイト,#DEEDDB
P45-90A,ホワイト,#DEEDDB
45-90B,ペールイエローグリーン,#D8EFD3
P45-90B,ペールイエローグリーン,#D8EFD3
45-90D,ペールグリーン,#CFECD0
P45-90D,ペールグリーン,#CFECD0
45-20D,ダークイエローグリーン,#212F1D
P45-20D,ダークイエローグリーン,#212F1D
49-40T,グレイッシュブルーグリーン,#396F63
P49-40T,グレイッシュブルーグリーン,#396F63
55-50H,ブルーグリーン,#58857F
P55-50H,ブルーグリーン,#58857F
55-40B,グレイッシュブルーグリーン,#4F5D58
P55-40B,グレイッシュブルーグリーン,#4F5D58
42-80D,ライトグリーン,#ABD8AD
P42-80D,ライトグリーン,#ABD8AD
45-85A,オフホワイト,#D1DECF
P45-85A,オフホワイト,#D1DECF
45-85B,ペールグリーン,#CCE6CF
P45-85B,ペールグリーン,#CCE6CF
45-80D,ライトグリーン,#ACD6B3
P45-80D,ライトグリーン,#ACD6B3
45-80H,ライトグリーン,#99D9A8
P45-80H,ライトグリーン,#99D9A8
49-20H,ダークグリーン,#1D331E
P49-20H,ダークグリーン,#1D331E
55-30L,ダークシアン,#264444
P55-30L,ダークシアン,#264444
55-30B,ダークグリーン,#344038
P55-30B,ダークグリーン,#344038
42-70D,ソフトグリーン,#91BB9A
P42-70D,ソフトグリーン,#91BB9A
45-80A,ライトグレー,#C4CEC2
P45-80A,ライトグレー,#C4CEC2
45-80B,ライトグリーン,#BED4C1
P45-80B,ライトグリーン,#BED4C1
45-70D,ソフトグリーン,#94B29E
P45-70D,ソフトグリーン,#94B29E
45-70P,ライトグリーン,#6CCA8E
P45-70P,ライトグリーン,#6CCA8E
49-70H,グリーン,#84C6A3
P49-70H,グリーン,#84C6A3
55-90A,ホワイト,#E6F1E3
P55-90A,ホワイト,#E6F1E3
55-90B,ペールグリーン,#DDF2E1
P55-90B,ペールグリーン,#DDF2E1
42-70H,ライトグリーン,#82C790
P42-70H,ライトグリーン,#82C790
45-70A,ライトグレー,#A6B1A8
P45-70A,ライトグレー,#A6B1A8
45-70B,ソフトグリーン,#A3B5A9
P45-70B,ソフトグリーン,#A3B5A9
45-60D,ソフトグリーン,#7B9888
P45-60D,ソフトグリーン,#7B9888
45-70H,グリーン,#7DBF96
P45-70H,グリーン,#7DBF96
52-60H,ブルーグリーン,#66A08F
P52-60H,ブルーグリーン,#66A08F
55-85A,オフホワイト,#DAE4D7
P55-85A,オフホワイト,#DAE4D7
55-85B,ペールグリーン,#D2EAD7
P55-85B,ペールグリーン,#D2EAD7
42-50L,グリーン,#4F945B
P42-50L,グリーン,#4F945B
45-60B,ソフトブルーグリーン,#85978F
P45-60B,ソフトブルーグリーン,#85978F
45-50D,グレイッシュグリーン,#63806F
P45-50D,グレイッシュグリーン,#63806F
45-55T,グレイッシュグリーン,#2D643D
P45-55T,グレイッシュグリーン,#2D643D
45-60L,グリーン,#63B37C
P45-60L,グリーン,#63B37C
52-60L,ブルーグリーン,#5EA791
P52-60L,ブルーグリーン,#5EA791
55-80A,ライトグレー,#CBD5CA
P55-80A,ライトグレー,#CBD5CA
55-80B,ライトグリーン,#BCD7C8
P55-80B,ライトグリーン,#BCD7C8
42-40P,ダークグリーン,#22492A
P42-40P,ダークグリーン,#22492A
45-50B,グレイッシュグリーン,#6C7E75
P45-50B,グレイッシュグリーン,#6C7E75
45-40D,グレイッシュグリーン,#475F4E
P45-40D,グレイッシュグリーン,#475F4E
45-50H,グレイッシュグリーン,#528462
P45-50H,グレイッシュグリーン,#528462
45-60H,グリーン,#69A580
P45-60H,グリーン,#69A580
52-50L,ブルーグリーン,#4E877A
P52-50L,ブルーグリーン,#4E877A
55-70A,ライトグレー,#ACB7AF
P55-70A,ライトグレー,#ACB7AF
55-70B,ソフトブルーグリーン,#A3B7AD
P55-70B,ソフトブルーグリーン,#A3B7AD
42-30H,ダークグリーン,#2A4727
P42-30H,ダークグリーン,#2A4727
45-40B,グレイッシュグリーン,#4C5B52
P45-40B,グレイッシュグリーン,#4C5B52
45-30D,ダークグリーン,#324532
P45-30D,ダークグリーン,#324532
45-40P,グレイッシュグリーン,#376849
P45-40P,グレイッシュグリーン,#376849
45-70F,ブルーグリーン,#65A08E
P45-70F,ブルーグリーン,#65A08E
52-40L,グレイッシュブルーグリーン,#396B61
P52-40L,グレイッシュブルーグリーン,#396B61
55-60B,ソフトブルーグリーン,#819591
P55-60B,ソフトブルーグリーン,#819591
55-60D,ソフトブルーグリーン,#7B9A93
P55-60D,ソフトブルーグリーン,#7B9A93
42-30L,ダークグリーン,#192D1B
P42-30L,ダークグリーン,#192D1B
45-30B,ダークグリーン,#333F32
P45-30B,ダークグリーン,#333F32
45-20B,ダークイエローグリーン,#202A1D
P45-20B,ダークイエローグリーン,#202A1D
45-30L,ダークグリーン,#254329
P45-30L,ダークグリーン,#254329
49-60P,ブルーグリーン,#59AE8B
P49-60P,ブルーグリーン,#59AE8B
55-70H,ブルーグリーン,#89C5B0
P55-70H,ブルーグリーン,#89C5B0
55-50B,グレイッシュブルーグリーン,#687B76
P55-50B,グレイッシュブルーグリーン,#687B76
55-50D,グレイッシュブルーグリーン,#5F7D7A
P55-50D,グレイッシュブルーグリーン,#5F7D7A
55-40D,グレイッシュブルーグリーン,#4A615E
P55-40D,グレイッシュブルーグリーン,#4A615E
57-60C,ソフトシアン,#819594
P57-60C,ソフトシアン,#819594
62-60L,シアン,#679BAD
P62-60L,シアン,#679BAD
65-70A,ライトグレー,#AAB0B0
P65-70A,ライトグレー,#AAB0B0
65-70B,ソフトシアン,#A8B5B7
P65-70B,ソフトシアン,#A8B5B7
65-70H,ライトシアン,#90B8C7
P65-70H,ライトシアン,#90B8C7
69-70P,ライトライトブルー,#88AEE0
P69-70P,ライトライトブルー,#88AEE0
72-80D,ライトグレー,#C6CED5
P72-80D,ライトグレー,#C6CED5
55-30D,ダークグリーン,#2D4036
P55-30D,ダークグリーン,#2D4036
59-40P,ライトブルー,#3D6586
P59-40P,ライトブルー,#3D6586
65-40H,グレイッシュライトブルー,#4A6877
P65-40H,グレイッシュライトブルー,#4A6877
65-60A,ソフトシアン,#707F85
P65-60A,ソフトシアン,#707F85
65-60B,ソフトシアン,#8C999A
P65-60B,ソフトシアン,#8C999A
65-70L,ライトシアン,#7DB5CA
P65-70L,ライトシアン,#7DB5CA
69-70L,ライトライトブルー,#87AAD2
P69-70L,ライトライトブルー,#87AAD2
72-70D,ソフトライトブルー,#A6B2BD
P72-70D,ソフトライトブルー,#A6B2BD
55-90D,ペールブルーグリーン,#D4EFE2
P55-90D,ペールブルーグリーン,#D4EFE2
59-30H,ダークシアン,#2C474D
P59-30H,ダークシアン,#2C474D
65-30D,ダークシアン,#344446
P65-30D,ダークシアン,#344446
65-50A,グレイッシュシアン,#4B565B
P65-50A,グレイッシュシアン,#4B565B
65-50B,グレイッシュシアン,#738081
P65-50B,グレイッシュシアン,#738081
65-60P,ライトブルー,#6494C2
P65-60P,ライトブルー,#6494C2
69-60L,ライトブルー,#799BC3
P69-60L,ライトブルー,#799BC3
72-60D,ソフトライトブルー,#8A93A2
P72-60D,ソフトライトブルー,#8A93A2
55-80H,ライトブルーグリーン,#9BDBC5
P55-80H,ライトブルーグリーン,#9BDBC5
59-80D,ライトブルーグリーン,#AECEC5
P59-80D,ライトブルーグリーン,#AECEC5
65-20H,ダークライトブルー,#253543
P65-20H,ダークライトブルー,#253543
65-30B,ダークグリーン,#38433D
P65-30B,ダークグリーン,#38433D
65-40B,グレイッシュシアン,#535F60
P65-40B,グレイッシュシアン,#535F60
65-60D,ソフトシアン,#829A9C
P65-60D,ソフトシアン,#829A9C
69-50D,グレイッシュライトブルー,#677984
P69-50D,グレイッシュライトブルー,#677984
72-50L,ライトブルー,#5E77A3
P72-50L,ライトブルー,#5E77A3
55-80D,ライトブルーグリーン,#AED8C4
P55-80D,ライトブルーグリーン,#AED8C4
59-70F,シアン,#679EA1
P59-70F,シアン,#679EA1
65-20L,ダークライトブルー,#253543
P65-20L,ダークライトブルー,#253543
65-20B,ダークグリーン,#222D25
P65-20B,ダークグリーン,#222D25
65-40D,グレイッシュシアン,#516368
P65-40D,グレイッシュシアン,#516368
65-50D,グレイッシュシアン,#687F84
P65-50D,グレイッシュシアン,#687F84
69-40D,グレイッシュライトブルー,#525F68
P69-40D,グレイッシュライトブルー,#525F68
72-50P,ライトブルー,#5774AC
P72-50P,ライトブルー,#5774AC
55-70D,ソフトブルーグリーン,#99C2B0
P55-70D,ソフトブルーグリーン,#99C2B0
59-70L,シアン,#79B9C2
P59-70L,シアン,#79B9C2
65-90A,ホワイト,#E9F3E8
P65-90A,ホワイト,#E9F3E8
65-90B,ホワイト,#EAF7F2
P65-90B,ホワイト,#EAF7F2
65-90D,ペールブルーグリーン,#D7F1ED
P65-90D,ペールブルーグリーン,#D7F1ED
65-80H,ライトシアン,#A7D2DA
P65-80H,ライトシアン,#A7D2DA
69-80D,ペールシアン,#C6E2EB
P69-80D,ペールシアン,#C6E2EB
72-30H,グレイッシュライトブルー,#33425B
P72-30H,グレイッシュライトブルー,#33425B
55-70F,ブルーグリーン,#629E97
P55-70F,ブルーグリーン,#629E97
59-60H,シアン,#6A99A0
P59-60H,シアン,#6A99A0
65-85A,オフホワイト,#DDE7DD
P65-85A,オフホワイト,#DDE7DD
65-85B,オフホワイト,#D7E4E0
P65-85B,オフホワイト,#D7E4E0
65-80D,ライトシアン,#B7D1CF
P65-80D,ライトシアン,#B7D1CF
67-80H,ペールシアン,#9CDDEB
P67-80H,ペールシアン,#9CDDEB
69-80H,ライトライトブルー,#B1CCDD
P69-80H,ライトライトブルー,#B1CCDD
72-80H,ペールライトブルー,#B9D0EA
P72-80H,ペールライトブルー,#B9D0EA
57-70D,ソフトブルーグリーン,#98BAB0
P57-70D,ソフトブルーグリーン,#98BAB0
62-60H,シアン,#7099A2
P62-60H,シアン,#7099A2
65-80A,ライトグレー,#CED8D0
P65-80A,ライトグレー,#CED8D0
65-80B,ライトグレー,#C5D5CF
P65-80B,ライトグレー,#C5D5CF
65-70D,ソフトシアン,#9CB3B6
P65-70D,ソフトシアン,#9CB3B6
67-70L,シアン,#61B4DB
P67-70L,シアン,#61B4DB
69-70F,ライトブルー,#6C91A4
P69-70F,ライトブルー,#6C91A4
72-60H,ソフトライトブルー,#8495B0
P72-60H,ソフトライトブルー,#8495B0
75-70L,ライトライトブルー,#95ABDC
P75-70L,ライトライトブルー,#95ABDC
75-80A,ライトグレー,#D1D0CE
P75-80A,ライトグレー,#D1D0CE
75-80B,ライトグレー,#D3D7DA
P75-80B,ライトグレー,#D3D7DA
75-80D,ライトグレー,#CACFD6
P75-80D,ライトグレー,#CACFD6
76-70L,ライトブルー,#A5ABDC
P76-70L,ライトブルー,#A5ABDC
85-85A,オフホワイト,#E7E3DB
P85-85A,オフホワイト,#E7E3DB
85-85B,ホワイト,#EEE1E3
P85-85B,ホワイト,#EEE1E3
85-80D,ライトバイオレット,#CDC1D4
P85-80D,ライトバイオレット,#CDC1D4
75-60P,ライトライトブルー,#7988CC
P75-60P,ライトライトブルー,#7988CC
75-75A,ライトグレー,#C3C4C1
P75-75A,ライトグレー,#C3C4C1
75-70B,ライトグレー,#B1B2B8
P75-70B,ライトグレー,#B1B2B8
75-70D,ソフトライトブルー,#A7ACB8
P75-70D,ソフトライトブルー,#A7ACB8
77-70H,ライトブルー,#ABA8D0
P77-70H,ライトブルー,#ABA8D0
85-80A,ライトグレー,#D3D2CE
P85-80A,ライトグレー,#D3D2CE
85-80B,ライトグレー,#D3D1D3
P85-80B,ライトグレー,#D3D1D3
85-70D,ソフトパープル,#B6A9B8
P85-70D,ソフトパープル,#B6A9B8
75-50H,ブルー,#6C7296
P75-50H,ブルー,#6C7296
75-70A,ライトグレー,#B2B2B1
P75-70A,ライトグレー,#B2B2B1
75-60B,グレー,#90939B
P75-60B,グレー,#90939B
75-60D,ソフトライトブルー,#8A909E
P75-60D,ソフトライトブルー,#8A909E
77-60P,ライトブルー,#8B8ACC
P77-60P,ライトブルー,#8B8ACC
85-60B,グレー,#938E97
P85-60B,グレー,#938E97
85-70B,ライトグレー,#B5AEB6
P85-70B,ライトグレー,#B5AEB6
85-80H,ペールバイオレット,#D5BBE1
P85-80H,ペールバイオレット,#D5BBE1
75-40L,ライトブルー,#4C5C89
P75-40L,ライトブルー,#4C5C89
75-50B,グレイッシュライトブルー,#727982
P75-50B,グレイッシュライトブルー,#727982
75-50C,グレイッシュライトブルー,#4C5569
P75-50C,グレイッシュライトブルー,#4C5569
75-50D,ソフトライトブルー,#707786
P75-50D,ソフトライトブルー,#707786
77-50L,ブルー,#6C6AA4
P77-50L,ブルー,#6C6AA4
85-50B,グレー,#75727B
P85-50B,グレー,#75727B
85-60D,ソフトバイオレット,#958B9E
P85-60D,ソフトバイオレット,#958B9E
85-70L,ライトバイオレット,#BC93CF
P85-70L,ライトバイオレット,#BC93CF
75-20L,ダークライトブルー,#222B47
P75-20L,ダークライトブルー,#222B47
75-40B,グレイッシュライトブルー,#555B62
P75-40B,グレイッシュライトブルー,#555B62
75-40D,グレイッシュライトブルー,#565C6B
P75-40D,グレイッシュライトブルー,#565C6B
75-70F,ライトブルー,#7895AA
P75-70F,ライトブルー,#7895AA
82-70H,ライトバイオレット,#B39EC9
P82-70H,ライトバイオレット,#B39EC9
85-40B,グレイッシュバイオレット,#5A5860
P85-40B,グレイッシュバイオレット,#5A5860
85-50D,グレイッシュバイオレット,#786F81
P85-50D,グレイッシュバイオレット,#786F81
85-70H,ライトバイオレット,#B195C7
P85-70H,ライトバイオレット,#B195C7
75-20D,ダークシアン,#1D282A
P75-20D,ダークシアン,#1D282A
75-30B,ダークブルーグリーン,#393E3D
P75-30B,ダークブルーグリーン,#393E3D
75-30D,ダークライトブルー,#373E46
P75-30D,ダークライトブルー,#373E46
76-50L,ライトブルー,#6570A1
P76-50L,ライトブルー,#6570A1
82-50H,ソフトバイオレット,#786A90
P82-50H,ソフトバイオレット,#786A90
85-30B,ダークグレー,#3F3A3C
P85-30B,ダークグレー,#3F3A3C
85-40D,グレイッシュバイオレット,#5B5365
P85-40D,グレイッシュバイオレット,#5B5365
85-60H,ソフトバイオレット,#987FA9
P85-60H,ソフトバイオレット,#987FA9
75-90A,ホワイト,#F1F3EC
P75-90A,ホワイト,#F1F3EC
75-90B,ホワイト,#EFF4F4
P75-90B,ホワイト,#EFF4F4
75-90D,ホワイト,#EAEFF4
P75-90D,ホワイト,#EAEFF4
76-40P,ブルー,#4B5394
P76-40P,ブルー,#4B5394
85-50P,バイオレット,#8557A6
P85-50P,バイオレット,#8557A6
85-20D,ダークライトブルー,#1E2023
P85-20D,ダークライトブルー,#1E2023
85-30D,ダークパープル,#40383F
P85-30D,ダークパープル,#40383F
85-40L,グレイッシュバイオレット,#644681
P85-40L,グレイッシュバイオレット,#644681
75-85A,オフホワイト,#E1E2DB
P75-85A,オフホワイト,#E1E2DB
75-85B,オフホワイト,#E1E5E5
P75-85B,オフホワイト,#E1E5E5
75-80H,ペールライトブルー,#B7DEF5
P75-80H,ペールライトブルー,#B7DEF5
76-80H,ペールブルー,#C2C6E5
P76-80H,ペールブルー,#C2C6E5
85-90A,ホワイト,#F5F2ED
P85-90A,ホワイト,#F5F2ED
85-90B,ホワイト,#F9F3F1
P85-90B,ホワイト,#F9F3F1
85-90D,ホワイト,#FDF1F8
P85-90D,ホワイト,#FDF1F8
89-70H,ソフトパープル,#C196BE
P89-70H,ソフトパープル,#C196BE
95-80L,ペールマゼンタ,#F4AAD8
P95-80L,ペールマゼンタ,#F4AAD8
95-85A,オフホワイト,#E3DAE1
P95-85A,オフホワイト,#E3DAE1
95-85B,オフホワイト,#E9D9E2
P95-85B,オフホワイト,#E9D9E2
95-80D,ライトマゼンタ,#DAC3CE
P95-80D,ライトマゼンタ,#DAC3CE
05-30T,レッド,#842025
P05-30T,レッド,#842025
15-65X,ビビッドオレンジ,#F48320
P15-65X,ビビッドオレンジ,#F48320
22-80V,ビビッドイエローオレンジ,#D7D028
P22-80V,ビビッドイエローオレンジ,#D7D028
39-60V,イエローグリーン,#57BF40
P39-60V,イエローグリーン,#57BF40
95-70L,ライトマゼンタ,#E786BC
P95-70L,ライトマゼンタ,#E786BC
95-80A,ライトグレー,#D2CACE
P95-80A,ライトグレー,#D2CACE
95-80B,ライトグレー,#CFC3CB
P95-80B,ライトグレー,#CFC3CB
95-70D,ソフトパープル,#B9A0B1
P95-70D,ソフトパープル,#B9A0B1
07-40X,ビビッドレッド,#C12826
P07-40X,ビビッドレッド,#C12826
15-70V,ビビッドオレンジ,#F58E2B
P15-70V,ビビッドオレンジ,#F58E2B
25-80W,ビビッドイエローオレンジ,#DEE931
P25-80W,ビビッドイエローオレンジ,#DEE931
42-50T,グリーン,#449655
P42-50T,グリーン,#449655
95-60P,マゼンタ,#C46194
P95-60P,マゼンタ,#C46194
95-70A,ライトグレー,#B1A7B1
P95-70A,ライトグレー,#B1A7B1
95-70B,ライトグレー,#B3A8B1
P95-70B,ライトグレー,#B3A8B1
95-60D,ソフトマゼンタ,#9F8896
P95-60D,ソフトマゼンタ,#9F8896
07-40V,レッド,#AB2329
P07-40V,レッド,#AB2329
17-70X,ビビッドオレンジ,#D99520
P17-70X,ビビッドオレンジ,#D99520
27-85V,ビビッドイエローオレンジ,#E2EB32
P27-85V,ビビッドイエローオレンジ,#E2EB32
45-50T,ブルーグリーン,#458D6B
P45-50T,ブルーグリーン,#458D6B
95-70H,ライトマゼンタ,#C892AE
P95-70H,ライトマゼンタ,#C892AE
95-60B,ソフトパープル,#968994
P95-60B,ソフトパープル,#968994
95-50D,グレイッシュパープル,#7F6C7A
P95-50D,グレイッシュパープル,#7F6C7A
99-70H,ライトマゼンタ,#D998AA
P99-70H,ライトマゼンタ,#D998AA
09-50V,ビビッドレッド,#CD402B
P09-50V,ビビッドレッド,#CD402B
19-70V,ビビッドオレンジ,#CFA320
P19-70V,ビビッドオレンジ,#CFA320
29-80V,ビビッドイエロー,#BCDE32
P29-80V,ビビッドイエロー,#BCDE32
46-60T,グリーン,#3CA857
P46-60T,グリーン,#3CA857
95-50H,パープル,#8D627F
P95-50H,パープル,#8D627F
95-50B,グレー,#79727B
P95-50B,グレー,#79727B
95-40D,グレイッシュマゼンタ,#615059
P95-40D,グレイッシュマゼンタ,#615059
99-30P,レッド,#70242F
P99-30P,レッド,#70242F
09-50X,ビビッドレッドオレンジ,#D64220
P09-50X,ビビッドレッドオレンジ,#D64220
19-75X,ビビッドイエローオレンジ,#DAB522
P19-75X,ビビッドイエローオレンジ,#DAB522
32-70T,ビビッドイエローグリーン,#8FD139
P32-70T,ビビッドイエローグリーン,#8FD139
47-60T,ブルーグリーン,#53AC82
P47-60T,ブルーグリーン,#53AC82
95-30H,ダークマゼンタ,#54323F
P95-30H,ダークマゼンタ,#54323F
95-40B,ダークグレー,#5D575D
P95-40B,ダークグレー,#5D575D
95-30D,ダークレッド,#47363A
P95-30D,ダークレッド,#47363A
05-50V,ビビッドレッド,#C63843
P05-50V,ビビッドレッド,#C63843
12-50V,ビビッドレッドオレンジ,#C45521
P12-50V,ビビッドレッドオレンジ,#C45521
21-75X,ビビッドイエローオレンジ,#E8BA30
P21-75X,ビビッドイエローオレンジ,#E8BA30
35-70V,ビビッドイエローグリーン,#86CE3A
P35-70V,ビビッドイエローグリーン,#86CE3A
52-50P,ブルーグリーン,#4B9384
P52-50P,ブルーグリーン,#4B9384
89-30H,ダークパープル,#442D3F
P89-30H,ダークパープル,#442D3F
95-30B,ダークレッドオレンジ,#3F3835
P95-30B,ダークレッドオレンジ,#3F3835
95-20D,ダークレッド,#292322
P95-20D,ダークレッド,#292322
05-40V,レッド,#AF2B2B
P05-40V,レッド,#AF2B2B
12-60X,ビビッドレッドオレンジ,#E1641F
P12-60X,ビビッドレッドオレンジ,#E1641F
22-70V,ビビッドイエローオレンジ,#C0BC24
P22-70V,ビビッドイエローオレンジ,#C0BC24
35-60T,イエローグリーン,#4DA536
P35-60T,イエローグリーン,#4DA536
55-50P,シアン,#49878D
P55-50P,シアン,#49878D
95-90A,ホワイト,#FAF0F7
P95-90A,ホワイト,#FAF0F7
95-90B,ホワイト,#F8EAF4
P95-90B,ホワイト,#F8EAF4
95-90D,ペールマゼンタ,#FCE4F2
P95-90D,ペールマゼンタ,#FCE4F2
05-40X,ビビッドレッド,#B42229
P05-40X,ビビッドレッド,#B42229
15-60V,ビビッドオレンジ,#DA7A26
P15-60V,ビビッドオレンジ,#DA7A26
22-80X,ビビッドイエローオレンジ,#E1C824
P22-80X,ビビッドイエローオレンジ,#E1C824
37-60T,ビビッドイエローグリーン,#60C236
P37-60T,ビビッドイエローグリーン,#60C236
55-70P,ブルーグリーン,#6BBEB2
P55-70P,ブルーグリーン,#6BBEB2
59-60P,シアン,#5C9CB1
P59-60P,シアン,#5C9CB1
76-50T,ブルー,#5B6ABA
P76-50T,ブルー,#5B6ABA
92-40V,パープル,#922D74
P92-40V,パープル,#922D74
65-40P,ライトブルー,#3A5D91
P65-40P,ライトブルー,#3A5D91
77-50T,ブルー,#656BBC
P77-50T,ブルー,#656BBC
95-40V,マゼンタ,#A52A69
P95-40V,マゼンタ,#A52A69
69-30P,ライトブルー,#31437A
P69-30P,ライトブルー,#31437A
77-40V,ブルー,#4D52AC
P77-40V,ブルー,#4D52AC
95-50P,グレイッシュパープル,#80416E
P95-50P,グレイッシュパープル,#80416E
69-40T,ライトブルー,#3E59A6
P69-40T,ライトブルー,#3E59A6
77-30T,ブルー,#393D86
P77-30T,ブルー,#393D86
99-60T,ビビッドマゼンタ,#EF3B6E
P99-60T,ビビッドマゼンタ,#EF3B6E
69-50T,ライトブルー,#4D6FBF
P69-50T,ライトブルー,#4D6FBF
79-40T,ブルー,#5A499D
P79-40T,ブルー,#5A499D
99-50X,ビビッドマゼンタ,#D13562
P99-50X,ビビッドマゼンタ,#D13562
72-40T,ライトブルー,#3F59A2
P72-40T,ライトブルー,#3F59A2
85-30P,グレイッシュバイオレット,#503368
P85-30P,グレイッシュバイオレット,#503368
99-40V,レッド,#AC2C47
P99-40V,レッド,#AC2C47
75-30P,ライトブルー,#34427E
P75-30P,ライトブルー,#34427E
85-40T,バイオレット,#6E408A
P85-40T,バイオレット,#6E408A
95-50V,ビビッドマゼンタ,#C2387E
P95-50V,ビビッドマゼンタ,#C2387E
75-40T,ライトブルー,#4354A0
P75-40T,ライトブルー,#4354A0
89-40T,パープル,#80357C
P89-40T,パープル,#80357C
